{"cameraMode":{"drawMode":0,"name":"Shaded","section":"Shading Mode"},"sceneLighting":false,"audioPlay":false,"sceneViewState":{"m_AlwaysRefresh":false,"showFog":true,"showSkybox":false,"showFlares":true,"showImageEffects":true,"showParticleSystems":true,"showVisualEffectGraphs":true,"m_FxEnabled":true},"in2DMode":false,"pivot":{"x":-3.0188515186309816,"y":0.04448568820953369,"z":0.029188334941864015},"rotation":{"x":-0.05374976247549057,"y":0.6795691251754761,"z":-0.05003337562084198,"w":-0.7299147248268127},"size":1.8763900995254517,"orthographic":false}