{"cameraMode":{"drawMode":0,"name":"Shaded","section":"Shading Mode"},"sceneLighting":true,"audioPlay":false,"sceneViewState":{"m_AlwaysRefresh":false,"showFog":true,"showSkybox":true,"showFlares":true,"showImageEffects":true,"showParticleSystems":true,"showVisualEffectGraphs":true,"m_FxEnabled":true},"in2DMode":false,"pivot":{"x":425.13165283203127,"y":108.41915130615235,"z":414.6296081542969},"rotation":{"x":-0.23638679087162019,"y":-0.762559175491333,"z":0.4481390118598938,"w":-0.4022385776042938},"size":0.023784488439559938,"orthographic":false}