{"cameraMode":{"drawMode":0,"name":"Shaded","section":"Shading Mode"},"sceneLighting":true,"audioPlay":false,"sceneViewState":{"m_AlwaysRefresh":false,"showFog":true,"showSkybox":true,"showFlares":true,"showImageEffects":true,"showParticleSystems":true,"showVisualEffectGraphs":true,"m_FxEnabled":true},"in2DMode":false,"pivot":{"x":-13.616357803344727,"y":0.39561936259269717,"z":18.677274703979493},"rotation":{"x":0.024862976744771005,"y":0.7383007407188416,"z":0.027257459238171579,"w":-0.6734626889228821},"size":0.8660253882408142,"orthographic":false}