{"cameraMode":{"drawMode":0,"name":"Shaded","section":"Shading Mode"},"sceneLighting":false,"audioPlay":false,"sceneViewState":{"m_AlwaysRefresh":false,"showFog":true,"showSkybox":false,"showFlares":true,"showImageEffects":true,"showParticleSystems":true,"showVisualEffectGraphs":true,"m_FxEnabled":true},"in2DMode":false,"pivot":{"x":-0.9115726947784424,"y":-0.5473859906196594,"z":1.3940420150756837},"rotation":{"x":0.016672028228640558,"y":0.37679460644721987,"z":-0.006783077493309975,"w":0.9261248707771301},"size":0.6308761835098267,"orthographic":false}