{"cameraMode":{"drawMode":0,"name":"Shaded","section":"Shading Mode"},"sceneLighting":true,"audioPlay":false,"sceneViewState":{"m_AlwaysRefresh":false,"showFog":true,"showSkybox":true,"showFlares":true,"showImageEffects":true,"showParticleSystems":true,"showVisualEffectGraphs":true,"m_FxEnabled":true},"in2DMode":false,"pivot":{"x":161.98324584960938,"y":33.539894104003909,"z":430.30889892578127},"rotation":{"x":0.023172300308942796,"y":-0.9735974669456482,"z":0.1956353336572647,"w":0.11531997472047806},"size":3.387695550918579,"orthographic":false}