{"cameraMode":{"drawMode":0,"name":"Shaded","section":"Shading Mode"},"sceneLighting":false,"audioPlay":false,"sceneViewState":{"m_AlwaysRefresh":false,"showFog":true,"showSkybox":false,"showFlares":true,"showImageEffects":true,"showParticleSystems":true,"showVisualEffectGraphs":true,"m_FxEnabled":true},"in2DMode":false,"pivot":{"x":-8.939141273498536,"y":0.13607531785964967,"z":0.13716745376586915},"rotation":{"x":-0.00908851157873869,"y":-0.21519185602664948,"z":0.0020121773704886438,"w":-0.9764984250068665},"size":3.0564281940460207,"orthographic":false}