{"cameraMode":{"drawMode":0,"name":"Shaded","section":"Shading Mode"},"sceneLighting":true,"audioPlay":false,"sceneViewState":{"m_AlwaysRefresh":false,"showFog":true,"showSkybox":true,"showFlares":true,"showImageEffects":true,"showParticleSystems":true,"showVisualEffectGraphs":true,"m_FxEnabled":true},"in2DMode":false,"pivot":{"x":-14.800000190734864,"y":0.5599161982536316,"z":44.28481674194336},"rotation":{"x":-0.057578492909669879,"y":0.2622250020503998,"z":-0.015677977353334428,"w":-0.9631618857383728},"size":49.792118072509769,"orthographic":true}